"0","wd_functions<-""functions"""
"0","sapply(FUN = source, paste(wd_functions, list.files(wd_functions), sep=""/""))"
"1","       "
"1"," functions/evaluate_forecasts.r"
"1"," functions/evaluate_forecasts_with_ensembles.r"
"1"," functions/fc.r"
"1"," functions/fc2.r"
"1"," functions/fc3.r"
"1","
value  "
"1"," ?                             "
"1"," ?                                            "
"1"," ?             "
"1"," ?              "
"1"," ?              "
"1","
visible"
"1"," FALSE                         "
"1"," FALSE                                        "
"1"," FALSE         "
"1"," FALSE          "
"1"," FALSE          "
"1","
"
"1","       "
"1"," functions/find_stack_weights.r"
"1"," functions/get_best_model.r"
"1"," functions/get_ersst_v5_data.r"
"1"," functions/get_ersst_v5_data_V2.r"
"1","
value  "
"1"," ?                             "
"1"," ?                         "
"1"," ?                            "
"1"," ?                               "
"1","
visible"
"1"," FALSE                         "
"1"," FALSE                     "
"1"," FALSE                        "
"1"," FALSE                           "
"1","
"
"1","       "
"1"," functions/get_flow_data.r"
"1"," functions/getbuoydata.r"
"1"," functions/install_or_load_pack.r"
"1"," functions/summarize_forecasts.r"
"1","
value  "
"1"," ?                        "
"1"," ?                      "
"1"," ?                               "
"1"," ?                              "
"1","
visible"
"1"," FALSE                    "
"1"," FALSE                  "
"1"," FALSE                           "
"1"," FALSE                          "
"1","
"
"1","       "
"1"," functions/tsCV2.r"
"1","
value  "
"1"," ?                "
"1","
visible"
"1"," FALSE            "
"1","
"
